,weathersit,day,dteday,temp_celsius,windspeed_kh,atemp,hum,season,yr,mnth,holiday,weekday,workingday,casual,registered,cnt
0,2,1,01/01/2011,14.110847,10.749882000000001,0.363625,80.5833,1,0,1,0,6,0,331,654,985
1,2,2,02/01/2011,14.902598000000001,16.652113,0.35373899999999997,69.6087,1,0,1,0,0,0,131,670,801
2,1,3,03/01/2011,8.050924,16.636703,0.189405,43.7273,1,0,1,0,1,1,120,1229,1349
3,1,4,04/01/2011,8.2,10.739832,0.21212199999999998,59.0435,1,0,1,0,2,1,108,1454,1562
4,1,5,05/01/2011,9.305237,12.5223,0.22926999999999997,43.6957,1,0,1,0,3,1,82,1518,1600
5,1,6,06/01/2011,8.378267999999998,6.0008684,0.23320900000000003,51.8261,1,0,1,0,4,1,88,1518,1606
6,2,7,07/01/2011,8.057402,11.304642,0.208839,49.8696,1,0,1,0,5,1,148,1362,1510
7,2,8,08/01/2011,6.765,17.875868,0.162254,53.5833,1,0,1,0,6,0,68,891,959
8,1,9,09/01/2011,5.671653,24.25065,0.116175,43.4167,1,0,1,0,0,0,54,768,822
9,1,10,10/01/2011,6.184153,14.958889000000001,0.15088800000000002,48.2917,1,0,1,0,1,1,41,1280,1321
10,2,11,11/01/2011,6.9327309999999995,8.182844000000001,0.19146400000000002,68.6364,1,0,1,0,2,1,43,1220,1263
11,1,12,12/01/2011,7.081807,20.410009,0.160473,59.9545,1,0,1,0,3,1,25,1137,1162
12,1,13,13/01/2011,6.765,20.167,0.150883,47.0417,1,0,1,0,4,1,38,1368,1406
13,1,14,14/01/2011,6.59567,8.478716,0.188413,53.7826,1,0,1,0,5,1,54,1367,1421
14,2,15,15/01/2011,9.566653,10.583521000000001,0.248112,49.875,1,0,1,0,6,0,222,1026,1248
15,1,16,16/01/2011,9.498347,12.625011,0.234217,48.375,1,0,1,0,0,0,251,953,1204
16,2,17,17/01/2011,7.209153,12.999139,0.176771,53.75,1,0,1,1,1,0,117,883,1000
17,2,18,18/01/2011,8.883347,9.833925,0.23233299999999998,86.1667,1,0,1,0,2,1,9,674,683
18,2,19,19/01/2011,11.979134,13.957239000000001,0.29842199999999997,74.1739,1,0,1,0,3,1,78,1572,1650
19,2,20,20/01/2011,10.728347,13.125568,0.25505,53.8333,1,0,1,0,4,1,83,1844,1927
20,1,21,21/01/2011,7.2775,23.667214,0.157833,45.7083,1,0,1,0,5,1,75,1468,1543
21,1,22,22/01/2011,2.4243464,11.521989999999999,0.0790696,40.0,1,0,1,0,6,0,93,888,981
22,1,23,23/01/2011,3.9573897000000002,16.5222,0.09883910000000001,43.6522,1,0,1,0,0,0,150,836,986
23,1,24,24/01/2011,3.9930432999999996,10.60811,0.11793,49.1739,1,0,1,0,1,1,86,1330,1416
24,2,25,25/01/2011,9.162598,8.696332,0.234526,61.6957,1,0,1,0,2,1,186,1799,1985
25,3,26,26/01/2011,8.9175,19.68795,0.2036,86.25,1,0,1,0,3,1,34,472,506
26,1,27,27/01/2011,7.995,7.627078999999999,0.2197,68.75,1,0,1,0,4,1,15,416,431
27,2,28,28/01/2011,8.342597999999999,8.2611,0.22331700000000002,79.3043,1,0,1,0,5,1,38,1129,1167
28,1,29,29/01/2011,8.057402,9.739455,0.212126,65.1739,1,0,1,0,6,0,123,975,1098
29,1,30,30/01/2011,8.877402,4.9568342,0.250322,72.2174,1,0,1,0,0,0,140,956,1096
30,2,31,31/01/2011,7.414153,12.541864,0.18625,60.375,1,0,1,0,1,1,42,1459,1501
31,2,32,01/02/2011,7.879134,3.565271,0.23453000000000002,82.9565,1,0,2,0,2,1,47,1313,1360
32,2,33,02/02/2011,10.66,17.708636,0.254417,77.5417,1,0,2,0,3,1,72,1454,1526
33,1,34,03/02/2011,7.665236999999999,18.609384,0.177878,43.7826,1,0,2,0,4,1,61,1489,1550
34,2,35,04/02/2011,8.663464,8.565213,0.22858699999999998,58.5217,1,0,2,0,5,1,88,1620,1708
35,2,36,05/02/2011,9.566653,10.792292999999999,0.243058,92.9167,1,0,2,0,6,0,100,905,1005
36,1,37,06/02/2011,11.719153,9.5006,0.291671,56.8333,1,0,2,0,0,0,354,1269,1623
37,1,38,07/02/2011,11.138347,3.0423561,0.303658,73.8333,1,0,2,0,1,1,120,1592,1712
38,1,39,08/02/2011,9.054153,24.25065,0.198246,53.7917,1,0,2,0,2,1,64,1466,1530
39,2,40,09/02/2011,5.526103,12.652213,0.144283,49.4783,1,0,2,0,3,1,53,1552,1605
40,1,41,10/02/2011,5.918268,14.869645000000002,0.14954800000000001,43.7391,1,0,2,0,4,1,47,1491,1538
41,1,42,11/02/2011,7.752731,7.27285,0.213509,50.6364,1,0,2,0,5,1,149,1597,1746
42,1,43,12/02/2011,9.1225,13.625589000000002,0.232954,54.4167,1,0,2,0,6,0,288,1184,1472
43,1,44,13/02/2011,12.977402,17.479160999999998,0.324113,45.7391,1,0,2,0,0,0,397,1192,1589
44,1,45,14/02/2011,17.015,27.999836,0.39835,37.5833,1,0,2,0,1,1,208,1705,1913
45,1,46,15/02/2011,10.909567,19.522057999999998,0.254274,31.4348,1,0,2,0,2,1,140,1675,1815
46,1,47,16/02/2011,13.048701,16.869997,0.3162,42.3478,1,0,2,0,3,1,218,1897,2115
47,1,48,17/02/2011,17.869153,15.416967999999999,0.428658,50.5,1,0,2,0,4,1,259,2216,2475
48,1,49,18/02/2011,21.388347,17.749975,0.511983,51.6667,1,0,2,0,5,1,579,2348,2927
49,1,50,19/02/2011,16.365847,34.000021000000004,0.391404,18.7917,1,0,2,0,6,0,532,1103,1635
50,1,51,20/02/2011,11.693897,14.956745000000002,0.27733,40.7826,1,0,2,0,0,0,639,1173,1812
51,2,52,21/02/2011,12.436653,20.625682,0.284075,60.5,1,0,2,1,1,0,195,912,1107
52,1,53,22/02/2011,7.471102,13.110760999999998,0.186033,57.7778,1,0,2,0,2,1,74,1376,1450
53,1,54,23/02/2011,9.091299000000001,6.305571,0.24571700000000002,42.3043,1,0,2,0,3,1,139,1778,1917
54,2,55,24/02/2011,12.121732000000002,16.783232,0.289191,69.7391,1,0,2,0,4,1,100,1707,1807
55,2,56,25/02/2011,14.938267999999999,23.218113,0.350461,71.2174,1,0,2,0,5,1,120,1341,1461
56,1,57,26/02/2011,11.5825,12.500257000000001,0.282192,53.7917,1,0,2,0,6,0,424,1545,1969
57,1,58,27/02/2011,14.082598,8.391616,0.351109,68.0,1,0,2,0,0,0,694,1708,2402
58,2,59,28/02/2011,16.698193,19.408962,0.400118,87.6364,1,0,2,0,1,1,81,1365,1446
59,1,60,01/03/2011,10.933347,14.500475,0.263879,53.5,1,0,3,0,2,1,137,1714,1851
60,1,61,02/03/2011,13.735,20.624810999999998,0.320071,44.9583,1,0,3,0,3,1,231,1903,2134
61,1,62,03/03/2011,8.131653,15.125518,0.200133,31.8333,1,0,3,0,4,1,123,1562,1685
62,2,63,04/03/2011,10.728347,13.624182000000001,0.255679,61.0417,1,0,3,0,5,1,214,1730,1944
63,2,64,05/03/2011,15.750847,16.875357,0.378779,78.9167,1,0,3,0,6,0,640,1437,2077
64,2,65,06/03/2011,15.437401999999999,23.000229,0.366252,94.8261,1,0,3,0,0,0,114,491,605
65,1,66,07/03/2011,10.731299,22.870584,0.238461,55.1304,1,0,3,0,1,1,244,1628,1872
66,1,67,08/03/2011,11.9925,8.08355,0.3024,42.0833,1,0,3,0,2,1,316,1817,2133
67,2,68,09/03/2011,12.129153,14.75005,0.286608,77.5417,1,0,3,0,3,1,191,1700,1891
68,3,69,10/03/2011,15.952731,17.545759,0.385668,0.0,1,0,3,0,4,1,46,577,623
69,2,70,11/03/2011,12.977402,15.608989999999999,0.305,64.9565,1,0,3,0,5,1,247,1730,1977
70,1,71,12/03/2011,13.495847,14.791925,0.32575,59.4583,1,0,3,0,6,0,724,1408,2132
71,1,72,13/03/2011,15.758268,18.130468,0.380091,52.7391,1,0,3,0,0,0,982,1435,2417
72,1,73,14/03/2011,13.333897,9.174042,0.332,49.6957,1,0,3,0,1,1,359,1687,2046
73,2,74,15/03/2011,13.013031,12.348703,0.318178,65.5652,1,0,3,0,2,1,289,1767,2056
74,2,75,16/03/2011,14.973897000000001,13.608839000000001,0.36693000000000003,77.6522,1,0,3,0,3,1,321,1871,2192
75,1,76,17/03/2011,17.015,14.041792999999998,0.410333,60.2917,1,0,3,0,4,1,424,2320,2744
76,1,77,18/03/2011,22.14,15.478139,0.5270090000000001,52.5217,1,0,3,0,5,1,884,2355,3239
77,1,78,19/03/2011,19.3725,24.667189,0.466525,37.9167,1,0,3,0,6,0,1424,1693,3117
78,1,79,20/03/2011,13.6325,13.917307000000001,0.32575,47.375,1,0,3,0,0,0,1047,1424,2471
79,2,80,21/03/2011,17.647835,19.348461,0.409735,73.7391,2,0,3,0,1,1,401,1676,2077
80,1,81,22/03/2011,18.108347,15.12525,0.44064200000000003,62.4583,2,0,3,0,2,1,460,2243,2703
81,2,82,23/03/2011,14.225237,15.695487,0.337939,83.9565,2,0,3,0,3,1,203,1918,2121
82,2,83,24/03/2011,11.685,16.333729,0.270833,80.5833,2,0,3,0,4,1,166,1699,1865
83,1,84,25/03/2011,10.830847,15.458575,0.256312,49.5,2,0,3,0,5,1,300,1910,2210
84,1,85,26/03/2011,10.899153,14.041257,0.257571,39.4167,2,0,3,0,6,0,981,1515,2496
85,2,86,27/03/2011,10.374763,12.3481,0.250339,49.3913,2,0,3,0,0,0,472,1221,1693
86,1,87,28/03/2011,10.838268,14.217668,0.25757399999999997,30.2174,2,0,3,0,1,1,222,1806,2028
87,1,88,29/03/2011,12.4025,15.208732000000001,0.292908,31.4167,2,0,3,0,2,1,317,2108,2425
88,2,89,30/03/2011,12.3,11.583496,0.29735,64.6667,2,0,3,0,3,1,168,1368,1536
89,3,90,31/03/2011,11.001653,14.582282000000001,0.257575,91.8333,2,0,3,0,4,1,179,1506,1685
90,2,91,01/04/2011,12.3,17.333436,0.283454,68.625,2,0,4,0,5,1,307,1920,2227
91,2,92,02/04/2011,12.915,13.208782000000001,0.315637,65.375,2,0,4,0,6,0,898,1354,2252
92,1,93,03/04/2011,15.511652999999999,12.208271,0.378767,48.0,2,0,4,0,0,0,1651,1598,3249
93,1,94,04/04/2011,23.506653,25.833257,0.542929,42.625,2,0,4,0,1,1,734,2381,3115
94,2,95,05/04/2011,16.980847,26.000489,0.39835,64.2083,2,0,4,0,2,1,167,1628,1795
95,1,96,06/04/2011,16.024153,17.625221,0.387608,47.0833,2,0,4,0,3,1,413,2395,2808
96,1,97,07/04/2011,17.9375,10.874903999999999,0.433696,60.2917,2,0,4,0,4,1,571,2570,3141
97,2,98,08/04/2011,13.769153,15.208464000000001,0.324479,83.625,2,0,4,0,5,1,172,1299,1471
98,2,99,09/04/2011,14.0425,8.916561,0.34152899999999997,87.75,2,0,4,0,6,0,879,1576,2455
99,2,100,10/04/2011,17.493347,9.833389,0.426737,85.75,2,0,4,0,0,0,1188,1707,2895
100,2,101,11/04/2011,24.421732000000002,21.739758,0.565217,71.6956,2,0,4,0,1,1,855,2493,3348
101,2,102,12/04/2011,20.6025,18.416892999999998,0.493054,73.9167,2,0,4,0,2,1,257,1777,2034
102,2,103,13/04/2011,16.9125,16.791339,0.417283,81.9167,2,0,4,0,3,1,209,1953,2162
103,1,104,14/04/2011,19.1675,7.4169,0.462742,54.0417,2,0,4,0,4,1,529,2738,3267
104,1,105,15/04/2011,18.313347,15.167125,0.441913,67.125,2,0,4,1,5,0,642,2484,3126
105,3,106,16/04/2011,17.664153,22.834135999999997,0.425492,88.8333,2,0,4,0,6,0,121,674,795
106,1,107,17/04/2011,18.723347,20.334232,0.445696,47.9583,2,0,4,0,0,0,1558,2186,3744
107,1,108,18/04/2011,21.0125,10.958989,0.503146,54.25,2,0,4,0,1,1,669,2760,3429
108,2,109,19/04/2011,20.739152999999998,10.584057000000001,0.48925799999999997,66.5833,2,0,4,0,2,1,409,2795,3204
109,1,110,20/04/2011,24.395,16.208975,0.564392,61.4167,2,0,4,0,3,1,613,3331,3944
110,1,111,21/04/2011,18.825847,21.792285999999997,0.453892,40.7083,2,0,4,0,4,1,745,3444,4189
111,2,112,22/04/2011,13.803347,14.707907,0.321954,72.9583,2,0,4,0,5,1,177,1506,1683
112,2,113,23/04/2011,18.86,15.458575,0.450121,88.7917,2,0,4,0,6,0,1462,2574,4036
113,2,114,24/04/2011,23.848347,12.875725,0.551763,81.0833,2,0,4,0,0,0,1710,2481,4191
114,1,115,25/04/2011,24.873347,12.417311,0.5745,77.6667,2,0,4,0,1,1,773,3300,4073
115,1,116,26/04/2011,25.898347,21.8755,0.594083,72.9167,2,0,4,0,2,1,678,3722,4400
116,2,117,27/04/2011,25.42,20.9174,0.575142,83.5417,2,0,4,0,3,1,547,3325,3872
117,2,118,28/04/2011,25.3175,21.500836,0.578929,70.0833,2,0,4,0,4,1,569,3489,4058
118,1,119,29/04/2011,20.91,16.084221,0.497463,45.7083,2,0,4,0,5,1,878,3717,4595
119,1,120,30/04/2011,19.3725,15.750025,0.464021,50.3333,2,0,4,0,6,0,1965,3347,5312
120,2,121,01/05/2011,18.518347,7.125717999999999,0.448204,76.2083,2,0,5,0,0,0,1138,2213,3351
121,2,122,02/05/2011,22.515847,12.291418,0.532833,73.0,2,0,5,0,1,1,847,3554,4401
122,2,123,03/05/2011,25.283347,22.958689,0.582079,69.7083,2,0,5,0,2,1,603,3848,4451
123,2,124,04/05/2011,16.980847,22.042732,0.40465,73.7083,2,0,5,0,3,1,255,2378,2633
124,1,125,05/05/2011,18.825847,19.791264,0.441917,44.4167,2,0,5,0,4,1,614,3819,4433
125,1,126,06/05/2011,19.645847,15.292482000000001,0.474117,59.0,2,0,5,0,5,1,894,3714,4608
126,1,127,07/05/2011,21.32,10.75015,0.512621,54.125,2,0,5,0,6,0,1612,3102,4714
127,1,128,08/05/2011,21.661653,5.0007125,0.518933,63.1667,2,0,5,0,0,0,1401,2932,4333
128,1,129,09/05/2011,21.8325,11.792,0.525246,58.875,2,0,5,0,1,1,664,3698,4362
129,1,130,10/05/2011,21.8325,7.749957000000001,0.522721,48.9167,2,0,5,0,2,1,694,4109,4803
130,1,131,11/05/2011,22.2425,8.083014,0.5284,63.2917,2,0,5,0,3,1,550,3632,4182
131,1,132,12/05/2011,21.935,12.707689,0.523363,74.75,2,0,5,0,4,1,695,4169,4864
132,2,133,13/05/2011,21.0125,12.041575,0.4943,86.3333,2,0,5,0,5,1,692,3413,4105
133,2,134,14/05/2011,21.354153,9.04165,0.500629,92.25,2,0,5,0,6,0,902,2507,3409
134,2,135,15/05/2011,23.0625,10.249592999999999,0.536,86.7083,2,0,5,0,0,0,1582,2971,4553
135,1,136,16/05/2011,23.6775,8.500357000000001,0.550512,78.7917,2,0,5,0,1,1,773,3185,3958
136,2,137,17/05/2011,23.028347,18.582718,0.538529,83.7917,2,0,5,0,2,1,678,3445,4123
137,2,138,18/05/2011,22.55,13.499964000000002,0.527158,87.0,2,0,5,0,3,1,536,3319,3855
138,2,139,19/05/2011,21.764153,7.250271000000001,0.510742,82.9583,2,0,5,0,4,1,735,3840,4575
139,1,140,20/05/2011,22.003347,8.375871,0.529042,71.9583,2,0,5,0,5,1,909,4008,4917
140,1,141,21/05/2011,24.7025,8.08355,0.571975,62.6667,2,0,5,0,6,0,2258,3547,5805
141,1,142,22/05/2011,24.770847,9.916536,0.5745,74.9583,2,0,5,0,0,0,1576,3084,4660
142,2,143,23/05/2011,25.898347,15.667414,0.590296,81.0,2,0,5,0,1,1,836,3438,4274
143,2,144,24/05/2011,27.06,13.875164000000002,0.604813,74.0833,2,0,5,0,2,1,659,3833,4492
144,1,145,25/05/2011,27.094153000000002,10.333611,0.615542,69.625,2,0,5,0,3,1,740,4238,4978
145,1,146,26/05/2011,29.041653000000004,13.376014000000001,0.654688,67.75,2,0,5,0,4,1,758,3919,4677
146,1,147,27/05/2011,27.948347,16.125493,0.637008,65.375,2,0,5,0,5,1,871,3808,4679
147,1,148,28/05/2011,26.889153000000004,15.416164000000002,0.612379,72.9583,2,0,5,0,6,0,2001,2757,4758
148,1,149,29/05/2011,27.3675,14.333846,0.61555,81.875,2,0,5,0,0,0,2355,2433,4788
149,1,150,30/05/2011,30.066653000000002,8.792075,0.671092,68.5,2,0,5,1,1,0,1549,2549,4098
150,1,151,31/05/2011,31.775,7.459042999999999,0.725383,63.6667,2,0,5,0,2,1,673,3309,3982
151,2,152,01/06/2011,31.330847,13.875164000000002,0.720967,67.7083,2,0,6,0,3,1,513,3461,3974
152,1,153,02/06/2011,29.315,19.583229,0.643942,30.5,2,0,6,0,4,1,736,4232,4968
153,1,154,03/06/2011,25.42,16.959107,0.587133,35.4167,2,0,6,0,5,1,898,4414,5312
154,1,155,04/06/2011,26.035,8.250514,0.594696,45.625,2,0,6,0,6,0,1869,3473,5342
155,2,156,05/06/2011,26.581653000000003,9.292364,0.616804,65.25,2,0,6,0,0,0,1685,3221,4906
156,1,157,06/06/2011,27.811653000000003,8.167032,0.621858,60.0,2,0,6,0,1,1,673,3875,4548
157,1,158,07/06/2011,29.0075,12.583136,0.65595,59.7917,2,0,6,0,2,1,763,4070,4833
158,1,159,08/06/2011,31.809153000000002,9.166739,0.727279,62.2083,2,0,6,0,3,1,676,3725,4401
159,2,160,09/06/2011,33.141653000000005,10.042161,0.757579,56.8333,2,0,6,0,4,1,563,3352,3915
160,1,161,10/06/2011,30.955,9.417117999999999,0.703292,60.5,2,0,6,0,5,1,815,3771,4586
161,1,162,11/06/2011,29.725,10.37495,0.678038,65.4583,2,0,6,0,6,0,1729,3237,4966
162,1,163,12/06/2011,28.3925,10.958989,0.643325,74.7917,2,0,6,0,0,0,1467,2993,4460
163,1,164,13/06/2011,26.035,20.45845,0.601654,49.4583,2,0,6,0,1,1,863,4157,5020
164,1,165,14/06/2011,24.770847,18.041960999999997,0.591546,50.7083,2,0,6,0,2,1,727,4164,4891
165,1,166,15/06/2011,25.693347,11.250103999999999,0.587754,47.1667,2,0,6,0,3,1,769,4411,5180
166,2,167,16/06/2011,25.761653,13.833557,0.595346,68.8333,2,0,6,0,4,1,545,3222,3767
167,1,168,17/06/2011,26.615847,9.582942999999998,0.600383,73.5833,2,0,6,0,5,1,863,3981,4844
168,1,169,18/06/2011,28.563346999999997,8.000336,0.643954,67.0417,2,0,6,0,6,0,1807,3312,5119
169,2,170,19/06/2011,28.665846999999996,6.834,0.645846,66.6667,2,0,6,0,0,0,1639,3105,4744
170,2,171,20/06/2011,26.035,10.416825,0.595346,74.625,2,0,6,0,1,1,699,3311,4010
171,2,172,21/06/2011,27.914153000000002,11.458675,0.637646,77.0417,3,0,6,0,2,1,774,4061,4835
172,1,173,22/06/2011,30.066653000000002,11.541554,0.693829,70.75,3,0,6,0,3,1,661,3846,4507
173,2,174,23/06/2011,29.861653000000004,15.999868,0.693833,70.3333,3,0,6,0,4,1,746,4044,4790
174,1,175,24/06/2011,29.690846999999998,14.875675,0.656583,57.3333,3,0,6,0,5,1,969,4022,4991
175,1,176,25/06/2011,28.495,14.041257,0.643313,48.3333,3,0,6,0,6,0,1782,3420,5202
176,1,177,26/06/2011,27.88,6.3337311,0.637629,51.3333,3,0,6,0,0,0,1920,3385,5305
177,2,178,27/06/2011,27.9825,7.2083960000000005,0.637004,65.8333,3,0,6,0,1,1,854,3854,4708
178,1,179,28/06/2011,30.510847,9.666961,0.692558,63.4167,3,0,6,0,2,1,732,3916,4648
179,1,180,29/06/2011,29.861653000000004,17.542007,0.654688,49.7917,3,0,6,0,3,1,848,4377,5225
180,1,181,30/06/2011,28.563346999999997,12.415904,0.637008,43.4167,3,0,6,0,4,1,1027,4488,5515
181,1,182,01/07/2011,29.6225,6.874736,0.652162,39.625,3,0,7,0,5,1,1246,4116,5362
182,1,183,02/07/2011,30.271653000000004,7.709153999999999,0.667308,44.4583,3,0,7,0,6,0,2204,2915,5119
183,2,184,03/07/2011,29.383346999999997,15.333485999999999,0.668575,68.25,3,0,7,0,0,0,2282,2367,4649
184,2,185,04/07/2011,29.793346999999997,5.4591064000000005,0.665417,63.7917,3,0,7,1,1,0,3065,2978,6043
185,1,186,05/07/2011,30.613346999999997,8.459286,0.696338,59.0417,3,0,7,0,2,1,1031,3634,4665
186,1,187,06/07/2011,29.52,10.042161,0.685633,74.3333,3,0,7,0,3,1,784,3845,4629
187,1,188,07/07/2011,30.75,10.6664,0.686871,65.125,3,0,7,0,4,1,754,3838,4592
188,2,189,08/07/2011,29.075846999999996,15.083642999999999,0.6704829999999999,75.7917,3,0,7,0,5,1,692,3348,4040
189,1,190,09/07/2011,30.066653000000002,11.250103999999999,0.664158,60.9167,3,0,7,0,6,0,1988,3348,5336
190,1,191,10/07/2011,30.6475,12.292557,0.690025,57.8333,3,0,7,0,0,0,1743,3138,4881
191,1,192,11/07/2011,31.2625,18.916579000000002,0.729804,63.5833,3,0,7,0,1,1,723,3363,4086
192,1,193,12/07/2011,32.560846999999995,13.417017999999999,0.739275,55.9167,3,0,7,0,2,1,662,3596,4258
193,1,194,13/07/2011,30.613346999999997,9.790911,0.689404,63.1667,3,0,7,0,3,1,748,3594,4342
194,1,195,14/07/2011,27.914153000000002,16.124689,0.635104,47.625,3,0,7,0,4,1,888,4196,5084
195,1,196,15/07/2011,27.196653,12.249811,0.624371,59.125,3,0,7,0,5,1,1318,4220,5538
196,1,197,16/07/2011,28.153346999999997,13.958914000000002,0.638263,58.5,3,0,7,0,6,0,2418,3505,5923
197,1,198,17/07/2011,29.485846999999996,16.417210999999998,0.669833,60.4167,3,0,7,0,0,0,2006,3296,5302
198,1,199,18/07/2011,30.613346999999997,14.458867999999999,0.703925,65.125,3,0,7,0,1,1,841,3617,4458
199,1,200,19/07/2011,31.843346999999998,8.7502,0.747479,65.0417,3,0,7,0,2,1,752,3789,4541
200,1,201,20/07/2011,31.501653000000005,7.625739,0.74685,70.7083,3,0,7,0,3,1,644,3688,4332
201,2,202,21/07/2011,33.415,14.875407000000001,0.826371,69.125,3,0,7,0,4,1,632,3152,3784
202,1,203,22/07/2011,34.781653000000006,8.9177,0.8408959999999999,58.0417,3,0,7,0,5,1,562,2825,3387
203,1,204,23/07/2011,34.815847,8.791807,0.804287,50.0,3,0,7,0,6,0,987,2298,3285
204,1,205,24/07/2011,34.03,11.334457,0.794829,55.0833,3,0,7,0,0,0,1050,2556,3606
205,1,206,25/07/2011,30.476653000000002,6.0841560999999995,0.720958,75.7083,3,0,7,0,1,1,568,3272,3840
206,1,207,26/07/2011,31.638346999999996,13.417285999999999,0.696979,54.0833,3,0,7,0,2,1,750,3840,4590
207,1,208,27/07/2011,31.775,12.292021,0.690667,40.2917,3,0,7,0,3,1,755,3901,4656
208,1,209,28/07/2011,31.945846999999997,11.958093,0.7399,58.3333,3,0,7,0,4,1,606,3784,4390
209,1,210,29/07/2011,34.371653,11.667246,0.785967,54.25,3,0,7,0,5,1,670,3176,3846
210,1,211,30/07/2011,32.970847,11.291979,0.728537,46.5833,3,0,7,0,6,0,1559,2916,4475
211,1,212,31/07/2011,33.039153000000006,11.042471,0.729796,48.0833,3,0,7,0,0,0,1524,2778,4302
212,1,213,01/08/2011,31.638346999999996,10.500039,0.703292,55.0833,3,0,8,0,1,1,729,3537,4266
213,1,214,02/08/2011,32.116653,13.79195,0.707071,49.125,3,0,8,0,2,1,801,4044,4845
214,2,215,03/08/2011,29.998346999999995,9.084061,0.679937,65.75,3,0,8,0,3,1,467,3107,3574
215,2,216,04/08/2011,29.11,13.20905,0.664788,75.75,3,0,8,0,4,1,799,3777,4576
216,1,217,05/08/2011,29.144153000000003,12.374632,0.656567,63.0833,3,0,8,0,5,1,1023,3843,4866
217,2,218,06/08/2011,29.383346999999997,15.29275,0.676154,75.5,3,0,8,0,6,0,1521,2773,4294
218,1,219,07/08/2011,30.4425,13.499629,0.715292,75.2917,3,0,8,0,0,0,1298,2487,3785
219,1,220,08/08/2011,31.365,12.875725,0.703283,59.2083,3,0,8,0,1,1,846,3480,4326
220,1,221,09/08/2011,31.775,10.125107,0.724121,57.0417,3,0,8,0,2,1,907,3695,4602
221,1,222,10/08/2011,31.433346999999998,13.417285999999999,0.684983,42.4167,3,0,8,0,3,1,884,3896,4780
222,1,223,11/08/2011,29.4175,11.041332,0.651521,42.375,3,0,8,0,4,1,812,3980,4792
223,1,224,12/08/2011,29.041653000000004,8.416607,0.654042,41.5,3,0,8,0,5,1,1051,3854,4905
224,2,225,13/08/2011,28.119153000000004,14.167418,0.645858,72.9583,3,0,8,0,6,0,1504,2646,4150
225,2,226,14/08/2011,27.743346999999996,14.916410999999998,0.624388,81.75,3,0,8,0,0,0,1338,2482,3820
226,1,227,15/08/2011,27.299153000000004,13.999918,0.616167,71.2083,3,0,8,0,1,1,775,3563,4338
227,1,228,16/08/2011,28.734153000000003,15.834043,0.645837,57.8333,3,0,8,0,2,1,721,4004,4725
228,1,229,17/08/2011,29.656653000000002,9.625689,0.666671,57.5417,3,0,8,0,3,1,668,4026,4694
229,1,230,18/08/2011,29.178347,15.624935999999998,0.662258,65.4583,3,0,8,0,4,1,639,3166,3805
230,2,231,19/08/2011,28.085,9.333636,0.633221,72.2917,3,0,8,0,5,1,797,3356,4153
231,1,232,20/08/2011,28.5975,6.999289,0.648996,67.4167,3,0,8,0,6,0,1914,3277,5191
232,1,233,21/08/2011,29.144153000000003,16.666518,0.675525,77.0,3,0,8,0,0,0,1249,2624,3873
233,1,234,22/08/2011,28.358347,18.54225,0.638254,47.0,3,0,8,0,1,1,833,3925,4758
234,1,235,23/08/2011,26.274153000000002,9.833121,0.606067,45.5417,3,0,8,0,2,1,1281,4614,5895
235,1,236,24/08/2011,27.606653,16.958236,0.630692,60.5,3,0,8,0,3,1,949,4181,5130
236,2,237,25/08/2011,28.050846999999997,14.125810999999999,0.645854,77.1667,3,0,8,0,4,1,435,3107,3542
237,1,238,26/08/2011,28.7,5.6254875,0.659733,76.125,3,0,8,0,5,1,768,3893,4661
238,2,239,27/08/2011,27.88,25.166339,0.635556,85.0,3,0,8,0,6,0,226,889,1115
239,1,240,28/08/2011,28.989419,20.412153,0.6479590000000001,56.1765,3,0,8,0,0,0,1415,2919,4334
240,1,241,29/08/2011,26.103347,10.708275,0.607958,55.4583,3,0,8,0,1,1,729,3905,4634
241,1,242,30/08/2011,26.205847,8.375536,0.594704,54.8333,3,0,8,0,2,1,775,4429,5204
242,1,243,31/08/2011,26.923346999999996,5.5833311,0.611121,59.7917,3,0,8,0,3,1,688,4370,5058
243,1,244,01/09/2011,26.855,9.500332,0.614921,63.9167,3,0,9,0,4,1,783,4332,5115
244,2,245,02/09/2011,26.376653000000005,9.375243,0.604808,72.7083,3,0,9,0,5,1,875,3852,4727
245,1,246,03/09/2011,27.435846999999995,12.416775,0.633213,71.6667,3,0,9,0,6,0,1935,2549,4484
246,1,247,04/09/2011,29.075846999999996,13.833289,0.665429,74.2083,3,0,9,0,0,0,2521,2419,4940
247,2,248,05/09/2011,27.606653,14.250632000000001,0.625646,79.0417,3,0,9,1,1,0,1236,2115,3351
248,3,249,06/09/2011,22.14,23.044181,0.5152,88.6957,3,0,9,0,2,1,204,2506,2710
249,3,250,07/09/2011,24.565847,6.5003936,0.544229,91.7083,3,0,9,0,3,1,118,1878,1996
250,3,251,08/09/2011,25.990433,12.914116,0.555361,93.9565,3,0,9,0,4,1,153,1689,1842
251,2,252,09/09/2011,26.65,8.333393,0.578946,89.7917,3,0,9,0,5,1,417,3127,3544
252,1,253,10/09/2011,27.06,10.291736,0.607962,75.375,3,0,9,0,6,0,1750,3595,5345
253,1,254,11/09/2011,26.786653,7.7086179999999995,0.609229,71.375,3,0,9,0,0,0,1633,3413,5046
254,1,255,12/09/2011,26.418267999999998,5.957171,0.60213,69.2174,3,0,9,0,1,1,690,4023,4713
255,1,256,13/09/2011,26.684153000000002,9.500867999999999,0.603554,71.25,3,0,9,0,2,1,701,4062,4763
256,1,257,14/09/2011,27.606653,11.2091,0.6269,69.7083,3,0,9,0,3,1,647,4138,4785
257,2,258,15/09/2011,23.6775,18.166782,0.553671,70.9167,3,0,9,0,4,1,428,3231,3659
258,2,259,16/09/2011,19.235847,11.000261,0.461475,59.0417,3,0,9,0,5,1,742,4018,4760
259,2,260,17/09/2011,20.158347,12.708225,0.478512,71.8333,3,0,9,0,6,0,1434,3077,4511
260,1,261,18/09/2011,20.8075,11.958361,0.490537,69.5,3,0,9,0,0,0,1353,2921,4274
261,2,262,19/09/2011,22.515847,10.166714,0.529675,69.0,3,0,9,0,1,1,691,3848,4539
262,2,263,20/09/2011,23.028347,9.041917999999999,0.532217,88.125,3,0,9,0,2,1,438,3203,3641
263,2,264,21/09/2011,24.395,6.4590814000000005,0.5505329999999999,90.0,3,0,9,0,3,1,539,3813,4352
264,2,265,22/09/2011,25.761653,8.584375,0.554963,90.2083,3,0,9,0,4,1,555,4240,4795
265,2,266,23/09/2011,24.975847,5.2505689,0.522125,97.25,4,0,9,0,5,1,258,2137,2395
266,2,267,24/09/2011,24.873347,5.251681099999999,0.564412,86.25,4,0,9,0,6,0,1776,3647,5423
267,2,268,25/09/2011,26.000847,3.3754063999999997,0.572637,84.5,4,0,9,0,0,0,1544,3466,5010
268,2,269,26/09/2011,26.615847,7.4169,0.589042,84.8333,4,0,9,0,1,1,684,3946,4630
269,2,270,27/09/2011,26.103347,7.917457000000001,0.574525,88.5417,4,0,9,0,2,1,477,3643,4120
270,2,271,28/09/2011,26.035,9.958143,0.575158,84.875,4,0,9,0,3,1,480,3427,3907
271,1,272,29/09/2011,25.283347,11.583161,0.574512,69.9167,4,0,9,0,4,1,653,4186,4839
272,1,273,30/09/2011,23.130847,13.833825,0.544829,64.75,4,0,9,0,5,1,830,4372,5202
273,2,274,01/10/2011,16.81,19.583832,0.41286300000000004,75.375,4,0,10,0,6,0,480,1949,2429
274,2,275,02/10/2011,14.623347,14.874870999999999,0.345317,79.1667,4,0,10,0,0,0,616,2302,2918
275,2,276,03/10/2011,15.750847,5.584168599999999,0.392046,76.0833,4,0,10,0,1,1,330,3240,3570
276,1,277,04/10/2011,19.850847,13.792218,0.472858,71.0,4,0,10,0,2,1,486,3970,4456
277,1,278,05/10/2011,22.071653,11.87575,0.527138,64.7917,4,0,10,0,3,1,559,4267,4826
278,1,279,06/10/2011,20.260847000000002,9.041917999999999,0.480425,62.0833,4,0,10,0,4,1,639,4126,4765
279,1,280,07/10/2011,20.944153,1.5002438999999999,0.504404,68.4167,4,0,10,0,5,1,949,4036,4985
280,1,281,08/10/2011,21.388347,3.0420814,0.513242,70.125,4,0,10,0,6,0,2235,3174,5409
281,1,282,09/10/2011,22.174153,4.25115,0.523983,72.75,4,0,10,0,0,0,2397,3114,5511
282,1,283,10/10/2011,23.404153,2.8343814,0.542925,73.375,4,0,10,1,1,0,1514,3603,5117
283,2,284,11/10/2011,23.233347,9.583814,0.546096,80.875,4,0,10,0,2,1,667,3896,4563
284,3,285,12/10/2011,22.276653,16.62605,0.517717,90.625,4,0,10,0,3,1,217,2199,2416
285,2,286,13/10/2011,24.155847,9.499728999999999,0.551804,89.6667,4,0,10,0,4,1,290,2623,2913
286,2,287,14/10/2011,22.584153,15.000160999999999,0.529675,71.625,4,0,10,0,5,1,529,3115,3644
287,1,288,15/10/2011,20.773347,17.291560999999998,0.498725,48.3333,4,0,10,0,6,0,1899,3318,5217
288,1,289,16/10/2011,20.978347,18.875039,0.503154,48.6667,4,0,10,0,0,0,1748,3293,5041
289,1,290,17/10/2011,21.900847,11.750392999999999,0.510725,57.9583,4,0,10,0,1,1,713,3857,4570
290,2,291,18/10/2011,21.8325,7.3758289999999995,0.522721,70.1667,4,0,10,0,2,1,637,4111,4748
291,3,292,19/10/2011,22.211299,16.303713000000002,0.513848,89.5217,4,0,10,0,3,1,254,2170,2424
292,1,293,20/10/2011,19.509153,28.292425,0.466525,63.625,4,0,10,0,4,1,471,3724,4195
293,1,294,21/10/2011,17.5275,14.833532,0.42359600000000003,57.4167,4,0,10,0,5,1,676,3628,4304
294,1,295,22/10/2011,17.3225,6.2086689,0.425492,62.9167,4,0,10,0,6,0,1499,2809,4308
295,1,296,23/10/2011,17.288347,6.6673375,0.422333,74.125,4,0,10,0,0,0,1619,2762,4381
296,1,297,24/10/2011,18.996653,7.959064,0.457067,77.2083,4,0,10,0,1,1,699,3488,4187
297,1,298,25/10/2011,19.338347,11.166086,0.463375,62.2917,4,0,10,0,2,1,695,3992,4687
298,2,299,26/10/2011,19.850847,9.959014,0.472846,72.0417,4,0,10,0,3,1,404,3490,3894
299,2,300,27/10/2011,19.27,13.250121,0.457046,81.2917,4,0,10,0,4,1,240,2419,2659
300,2,301,28/10/2011,13.564153,15.375093,0.318812,58.5833,4,0,10,0,5,1,456,3291,3747
301,3,302,29/10/2011,10.420847,23.541857,0.227913,88.25,4,0,10,0,6,0,57,570,627
302,1,303,30/10/2011,13.085847,11.833339,0.321329,62.375,4,0,10,0,0,0,885,2446,3331
303,1,304,31/10/2011,13.94,7.12545,0.356063,70.3333,4,0,10,0,1,1,362,3307,3669
304,1,305,01/11/2011,16.434153,9.083257000000001,0.397088,68.375,4,0,11,0,2,1,410,3658,4068
305,1,306,02/11/2011,15.4775,5.5001439,0.390133,71.875,4,0,11,0,3,1,370,3816,4186
306,1,307,03/11/2011,16.741653,9.166739,0.405921,70.2083,4,0,11,0,4,1,318,3656,3974
307,2,308,04/11/2011,16.536653,18.209193,0.40339200000000003,62.25,4,0,11,0,5,1,470,3576,4046
308,1,309,05/11/2011,13.393347,12.667154,0.323854,51.9167,4,0,11,0,6,0,1156,2770,3926
309,1,310,06/11/2011,14.281653,6.1676314,0.362358,73.4583,4,0,11,0,0,0,952,2697,3649
310,1,311,07/11/2011,16.195,3.834075,0.400871,75.875,4,0,11,0,1,1,373,3662,4035
311,1,312,08/11/2011,16.741653,4.6255125,0.412246,72.1667,4,0,11,0,2,1,376,3829,4205
312,1,313,09/11/2011,16.4,4.1671186,0.40907899999999997,75.8333,4,0,11,0,3,1,305,3804,4109
313,2,314,10/11/2011,15.58,12.667489,0.373721,81.3333,4,0,11,0,4,1,190,2743,2933
314,1,315,11/11/2011,13.290847,21.083225,0.306817,44.625,4,0,11,1,5,0,440,2928,3368
315,1,316,12/11/2011,14.623347,14.208154,0.357942,55.2917,4,0,11,0,6,0,1275,2792,4067
316,1,317,13/11/2011,18.074153,18.875307,0.43055,45.8333,4,0,11,0,0,0,1004,2713,3717
317,1,318,14/11/2011,21.73,20.541932,0.524612,58.7083,4,0,11,0,1,1,595,3891,4486
318,2,319,15/11/2011,21.73,13.375410999999998,0.507579,68.875,4,0,11,0,2,1,449,3746,4195
319,3,320,16/11/2011,18.723347,9.167542999999998,0.451988,93.0,4,0,11,0,3,1,145,1672,1817
320,2,321,17/11/2011,14.008347,20.459254,0.323221,57.5833,4,0,11,0,4,1,139,2914,3053
321,1,322,18/11/2011,11.240847,11.291711,0.272721,41.0,4,0,11,0,5,1,245,3147,3392
322,1,323,19/11/2011,13.495847,15.041232,0.32448299999999997,50.2083,4,0,11,0,6,0,943,2720,3663
323,2,324,20/11/2011,18.996653,12.45865,0.457058,68.4583,4,0,11,0,0,0,787,2733,3520
324,3,325,21/11/2011,18.3475,9.249618,0.445062,91.0,4,0,11,0,1,1,220,2545,2765
325,3,326,22/11/2011,17.083347,7.959064,0.421696,96.25,4,0,11,0,2,1,69,1538,1607
326,2,327,23/11/2011,18.074153,22.500275,0.430537,75.7917,4,0,11,0,3,1,112,2454,2566
327,1,328,24/11/2011,15.306653,11.209368,0.372471,54.9167,4,0,11,1,4,0,560,935,1495
328,1,329,25/11/2011,15.375,6.6260186,0.380671,64.375,4,0,11,0,5,1,1095,1697,2792
329,1,330,26/11/2011,15.409153,4.584193599999999,0.385087,68.1667,4,0,11,0,6,0,1249,1819,3068
330,1,331,27/11/2011,18.825847,13.999918,0.4558,69.8333,4,0,11,0,0,0,810,2261,3071
331,1,332,28/11/2011,20.642598,9.522174,0.490122,74.3043,4,0,11,0,1,1,253,3614,3867
332,2,333,29/11/2011,18.791653,17.292164,0.451375,83.0833,4,0,11,0,2,1,96,2818,2914
333,1,334,30/11/2011,13.325,18.167586,0.311221,61.3333,4,0,11,0,3,1,188,3425,3613
334,1,335,01/12/2011,12.8125,14.750585999999998,0.305554,52.4583,4,0,12,0,4,1,182,3545,3727
335,1,336,02/12/2011,12.880847,6.750518,0.331433,62.5833,4,0,12,0,5,1,268,3672,3940
336,1,337,03/12/2011,12.265847,6.4174811,0.310604,61.2917,4,0,12,0,6,0,706,2908,3614
337,1,338,04/12/2011,13.564153,5.6252061,0.3491,77.5833,4,0,12,0,0,0,634,2851,3485
338,2,339,05/12/2011,15.819153,4.1679561000000005,0.393925,82.7083,4,0,12,0,1,1,233,3578,3811
339,3,340,06/12/2011,18.9625,15.583060999999999,0.4564,94.9583,4,0,12,0,2,1,126,2468,2594
340,3,341,07/12/2011,16.81,17.833725,0.400246,97.0417,4,0,12,0,3,1,50,655,705
341,1,342,08/12/2011,10.899153,16.083886,0.256938,58.0,4,0,12,0,4,1,150,3172,3322
342,1,343,09/12/2011,11.924153,5.5420189,0.317542,69.5833,4,0,12,0,5,1,261,3359,3620
343,1,344,10/12/2011,11.275,15.625807,0.266412,50.75,4,0,12,0,6,0,502,2688,3190
344,1,345,11/12/2011,9.054153,4.4582939,0.253154,49.0,4,0,12,0,0,0,377,2366,2743
345,1,346,12/12/2011,9.771653,4.25115,0.270196,67.0833,4,0,12,0,1,1,143,3167,3310
346,1,347,13/12/2011,11.5825,9.41685,0.301138,59.0,4,0,12,0,2,1,155,3368,3523
347,2,348,14/12/2011,13.0175,4.0842061,0.338362,66.375,4,0,12,0,3,1,178,3562,3740
348,2,349,15/12/2011,17.3225,17.958814,0.41223699999999996,63.4167,4,0,12,0,4,1,181,3528,3709
349,2,350,16/12/2011,15.375,17.458525,0.359825,50.0417,4,0,12,0,5,1,178,3399,3577
350,2,351,17/12/2011,10.591652999999999,16.292189,0.249371,56.0833,4,0,12,0,6,0,275,2464,2739
351,1,352,18/12/2011,9.771653,11.375193,0.245579,58.625,4,0,12,0,0,0,220,2211,2431
352,1,353,19/12/2011,11.343347,11.584032,0.280933,63.75,4,0,12,0,1,1,260,3143,3403
353,2,354,20/12/2011,15.819153,4.1252436,0.396454,59.5417,4,0,12,0,2,1,216,3534,3750
354,2,355,21/12/2011,17.561653,14.8338,0.428017,85.8333,1,0,12,0,3,1,107,2553,2660
355,2,356,22/12/2011,17.356653,3.167425,0.426121,75.75,1,0,12,0,4,1,227,2841,3068
356,1,357,23/12/2011,15.306653,18.374482,0.377513,68.625,1,0,12,0,5,1,163,2046,2209
357,1,358,24/12/2011,12.4025,12.750368,0.299242,54.25,1,0,12,0,6,0,155,856,1011
358,1,359,25/12/2011,11.266103,10.391097,0.279961,68.1304,1,0,12,0,0,0,303,451,754
359,1,360,26/12/2011,13.191298999999999,16.044155,0.315535,50.6957,1,0,12,1,1,0,430,887,1317
360,2,361,27/12/2011,13.325,12.62615,0.327633,76.25,1,0,12,0,2,1,103,1059,1162
361,1,362,28/12/2011,12.264330000000001,19.695387,0.279974,50.3913,1,0,12,0,3,1,255,2047,2302
362,1,363,29/12/2011,10.181653,8.000604,0.263892,57.4167,1,0,12,0,4,1,254,2169,2423
363,1,364,30/12/2011,12.778347,9.000579,0.318812,63.6667,1,0,12,0,5,1,491,2508,2999
364,1,365,31/12/2011,16.81,14.750318,0.414121,61.5833,1,0,12,0,6,0,665,1820,2485
365,1,366,01/01/2012,15.17,12.875189,0.375621,69.25,1,1,1,0,0,0,686,1608,2294
366,1,367,02/01/2012,11.194763,22.087555,0.252304,38.1304,1,1,1,1,1,0,244,1707,1951
367,1,368,03/01/2012,6.15,24.499957000000002,0.126275,44.125,1,1,1,0,2,1,89,2147,2236
368,2,369,04/01/2012,4.4075,12.3749,0.11933699999999998,41.4583,1,1,1,0,3,1,95,2273,2368
369,1,370,05/01/2012,10.899153,8.709128999999999,0.278412,52.4167,1,1,1,0,4,1,140,3132,3272
370,1,371,06/01/2012,13.700847,11.249836,0.340267,54.2083,1,1,1,0,5,1,307,3791,4098
371,1,372,07/01/2012,16.126653,11.708786,0.390779,53.1667,1,1,1,0,6,0,1070,3451,4521
372,1,373,08/01/2012,13.8375,12.833314,0.340258,46.5,1,1,1,0,0,0,599,2826,3425
373,2,374,09/01/2012,9.190847,6.6263,0.247479,70.1667,1,1,1,0,1,1,106,2270,2376
374,1,375,10/01/2012,12.656536000000001,12.565984,0.318826,64.6522,1,1,1,0,2,1,173,3425,3598
375,2,376,11/01/2012,11.240847,8.791807,0.282821,84.75,1,1,1,0,3,1,92,2085,2177
376,2,377,12/01/2012,15.6825,12.124789,0.381938,80.2917,1,1,1,0,4,1,269,3828,4097
377,1,378,13/01/2012,11.240847,25.333236,0.249362,50.75,1,1,1,0,5,1,174,3040,3214
378,1,379,14/01/2012,7.38,12.541261,0.183087,45.75,1,1,1,0,6,0,333,2160,2493
379,1,380,15/01/2012,6.833347,16.834286,0.161625,41.9167,1,1,1,0,0,0,284,2027,2311
380,1,381,16/01/2012,7.79,15.500986,0.190663,52.25,1,1,1,1,1,0,217,2081,2298
381,2,382,17/01/2012,15.294763,23.39171,0.36427800000000005,71.6087,1,1,1,0,2,1,127,2808,2935
382,1,383,18/01/2012,12.436653,27.833743,0.275254,44.3333,1,1,1,0,3,1,109,3267,3376
383,1,384,19/01/2012,7.79,14.750585999999998,0.190038,49.75,1,1,1,0,4,1,130,3162,3292
384,2,385,20/01/2012,8.9175,13.58425,0.220958,45.0,1,1,1,0,5,1,115,3048,3163
385,2,386,21/01/2012,7.106653,14.917014000000002,0.174875,83.125,1,1,1,0,6,0,67,1234,1301
386,2,387,22/01/2012,6.6625,13.375746,0.16225,79.625,1,1,1,0,0,0,196,1781,1977
387,2,388,23/01/2012,8.951653,7.417436,0.243058,91.125,1,1,1,0,1,1,145,2287,2432
388,1,389,24/01/2012,14.0425,8.292389,0.349108,83.5833,1,1,1,0,2,1,439,3900,4339
389,1,390,25/01/2012,12.060847,10.791757,0.294821,64.375,1,1,1,0,3,1,467,3803,4270
390,2,391,26/01/2012,14.008347,4.917518599999999,0.35605,76.9583,1,1,1,0,4,1,244,3831,4075
391,2,392,27/01/2012,17.425,22.958689,0.415383,74.125,1,1,1,0,5,1,269,3187,3456
392,1,393,28/01/2012,12.949152999999999,14.125542999999999,0.326379,54.3333,1,1,1,0,6,0,775,3248,4023
393,1,394,29/01/2012,11.5825,16.08335,0.272721,31.125,1,1,1,0,0,0,558,2685,3243
394,1,395,30/01/2012,11.035847,14.458064000000002,0.262625,40.0833,1,1,1,0,1,1,126,3498,3624
395,1,396,31/01/2012,15.99,17.541739,0.381317,41.6667,1,1,1,0,2,1,324,4185,4509
396,1,397,01/02/2012,19.235847,12.667489,0.466538,50.7917,1,1,2,0,3,1,304,4275,4579
397,2,398,02/02/2012,16.365847,12.541528999999999,0.398971,67.2917,1,1,2,0,4,1,190,3571,3761
398,1,399,03/02/2012,12.846653,11.959232,0.309346,52.6667,1,1,2,0,5,1,310,3841,4151
399,2,400,04/02/2012,10.830847,8.167032,0.272725,77.9583,1,1,2,0,6,0,384,2448,2832
400,2,401,05/02/2012,10.899153,11.791732000000001,0.264521,68.7917,1,1,2,0,0,0,318,2629,2947
401,1,402,06/02/2012,11.586969,10.3046,0.296426,62.2174,1,1,2,0,1,1,206,3578,3784
402,1,403,07/02/2012,14.520847,9.874393,0.361104,49.625,1,1,2,0,2,1,199,4176,4375
403,2,404,08/02/2012,10.523347,8.959307,0.266421,72.2917,1,1,2,0,3,1,109,2693,2802
404,1,405,09/02/2012,10.865,13.000478999999999,0.261988,56.2083,1,1,2,0,4,1,163,3667,3830
405,2,406,10/02/2012,11.514153,7.834242999999999,0.293558,54.0,1,1,2,0,5,1,227,3604,3831
406,3,407,11/02/2012,9.190847,19.416332,0.210867,73.125,1,1,2,0,6,0,192,1977,2169
407,1,408,12/02/2012,5.2275,27.417203999999998,0.101658,46.4583,1,1,2,0,0,0,73,1456,1529
408,1,409,13/02/2012,9.1225,11.207961,0.227913,41.125,1,1,2,0,1,1,94,3328,3422
409,2,410,14/02/2012,13.085847,9.458993,0.333946,50.875,1,1,2,0,2,1,135,3787,3922
410,1,411,15/02/2012,14.281653,12.1672,0.35162899999999997,53.125,1,1,2,0,3,1,141,4028,4169
411,2,412,16/02/2012,12.983347,6.125475,0.330162,75.2917,1,1,2,0,4,1,74,2931,3005
412,1,413,17/02/2012,14.076653,13.791682000000002,0.35162899999999997,63.4583,1,1,2,0,5,1,349,3805,4154
413,1,414,18/02/2012,14.213347,12.792243,0.355425,53.4583,1,1,2,0,6,0,1435,2883,4318
414,2,415,19/02/2012,11.48,16.958504,0.265788,51.5833,1,1,2,0,0,0,618,2071,2689
415,1,416,20/02/2012,11.48,15.348560999999998,0.273391,50.7826,1,1,2,1,1,0,502,2627,3129
416,1,417,21/02/2012,11.800866000000001,13.783039000000002,0.295113,59.4348,1,1,2,0,2,1,163,3614,3777
417,1,418,22/02/2012,16.229153,15.709557,0.392667,56.7917,1,1,2,0,3,1,394,4379,4773
418,1,419,23/02/2012,18.620847,12.791171,0.444446,55.4583,1,1,2,0,4,1,516,4546,5062
419,2,420,24/02/2012,16.7075,15.916989000000001,0.41097100000000003,73.75,1,1,2,0,5,1,246,3241,3487
420,1,421,25/02/2012,11.924153,28.250014,0.255675,39.5833,1,1,2,0,6,0,317,2415,2732
421,1,422,26/02/2012,11.445847,13.750342999999999,0.268308,41.0,1,1,2,0,0,0,515,2874,3389
422,1,423,27/02/2012,15.033347000000001,17.958211,0.357954,49.0833,1,1,2,0,1,1,253,4069,4322
423,1,424,28/02/2012,14.725847,12.958938999999999,0.353525,39.5833,1,1,2,0,2,1,229,4134,4363
424,2,425,29/02/2012,14.118267999999999,12.000839,0.34847,80.4783,1,1,2,0,3,1,65,1769,1834
425,1,426,01/03/2012,19.919153,15.208129000000001,0.475371,61.5417,1,1,3,0,4,1,325,4665,4990
426,2,427,02/03/2012,14.486653,9.708568,0.359842,65.7083,1,1,3,0,5,1,246,2948,3194
427,2,428,03/03/2012,16.980847,10.792292999999999,0.413492,62.125,1,1,3,0,6,0,956,3110,4066
428,1,429,04/03/2012,13.359153,22.416257,0.303021,40.3333,1,1,3,0,0,0,710,2713,3423
429,1,430,05/03/2012,9.976653,15.333485999999999,0.241171,50.625,1,1,3,0,1,1,203,3130,3333
430,1,431,06/03/2012,10.591652999999999,13.458625,0.255042,45.6667,1,1,3,0,2,1,221,3735,3956
431,1,432,07/03/2012,16.570847,23.167193,0.3851,51.3333,1,1,3,0,3,1,432,4484,4916
432,1,433,08/03/2012,21.6275,29.584721000000002,0.524604,56.75,1,1,3,0,4,1,486,4896,5382
433,2,434,09/03/2012,16.844153,27.7916,0.397083,40.7083,1,1,3,0,5,1,447,4122,4569
434,1,435,10/03/2012,11.7875,15.12525,0.277767,35.0417,1,1,3,0,6,0,968,3150,4118
435,1,436,11/03/2012,14.831299,14.913329000000001,0.35967,47.6957,1,1,3,0,0,0,1658,3253,4911
436,1,437,12/03/2012,19.133347,13.916770999999999,0.459592,48.9167,1,1,3,0,1,1,838,4460,5298
437,1,438,13/03/2012,23.165,15.87565,0.542929,61.75,1,1,3,0,2,1,762,5085,5847
438,1,439,14/03/2012,23.4725,7.709153999999999,0.548617,50.7083,1,1,3,0,3,1,997,5315,6312
439,1,440,15/03/2012,22.8575,10.042161,0.532825,57.9583,1,1,3,0,4,1,1005,5187,6192
440,2,441,16/03/2012,17.869153,7.583864,0.436229,84.2083,1,1,3,0,5,1,548,3830,4378
441,2,442,17/03/2012,21.080847,7.417167999999999,0.505046,75.5833,1,1,3,0,6,0,3155,4681,7836
442,2,443,18/03/2012,19.3725,8.501161,0.46399999999999997,81.0,1,1,3,0,0,0,2207,3685,5892
443,1,444,19/03/2012,22.345,10.875239,0.532821,72.875,1,1,3,0,1,1,982,5171,6153
444,1,445,20/03/2012,22.994153,8.125157000000002,0.538533,80.7917,1,1,3,0,2,1,1051,5042,6093
445,2,446,21/03/2012,21.798347,6.000406099999999,0.513258,82.125,2,1,3,0,3,1,1122,5108,6230
446,1,447,22/03/2012,22.720847,7.876653999999999,0.531567,83.125,2,1,3,0,4,1,1334,5537,6871
447,2,448,23/03/2012,24.668347,7.7921,0.570067,69.4167,2,1,3,0,5,1,2469,5893,8362
448,2,449,24/03/2012,20.6025,12.916461,0.48673299999999997,88.5417,2,1,3,0,6,0,1033,2339,3372
449,2,450,25/03/2012,17.9375,14.791925,0.437488,88.0833,2,1,3,0,0,0,1532,3464,4996
450,1,451,26/03/2012,18.279153,25.917007,0.43875,47.7917,2,1,3,0,1,1,795,4763,5558
451,1,452,27/03/2012,13.256653,12.541864,0.315654,29.0,2,1,3,0,2,1,531,4571,5102
452,1,453,28/03/2012,19.850847,19.541957,0.47095,48.125,2,1,3,0,3,1,674,5024,5698
453,1,454,29/03/2012,20.260847000000002,21.41655,0.482304,43.9167,2,1,3,0,4,1,834,5299,6133
454,2,455,30/03/2012,15.17,9.250489,0.375621,58.0833,2,1,3,0,5,1,796,4663,5459
455,2,456,31/03/2012,17.390847,16.791339,0.42170799999999997,73.8333,2,1,3,0,6,0,2301,3934,6235
456,2,457,01/04/2012,17.459153,11.541889,0.41728699999999996,67.625,2,1,4,0,0,0,2347,3694,6041
457,1,458,02/04/2012,17.790433,20.913313,0.42751300000000003,50.4348,2,1,4,0,1,1,1208,4728,5936
458,1,459,03/04/2012,19.133347,6.708911,0.461483,39.6667,2,1,4,0,2,1,1348,5424,6772
459,1,460,04/04/2012,22.208347,12.125325,0.53345,46.9583,2,1,4,0,3,1,1058,5378,6436
460,1,461,05/04/2012,17.835,14.708442999999999,0.431163,37.4167,2,1,4,0,4,1,1192,5265,6457
461,1,462,06/04/2012,16.536653,20.125996,0.39076700000000003,37.7083,2,1,4,0,5,1,1807,4653,6460
462,1,463,07/04/2012,17.9375,18.416357,0.426129,25.4167,2,1,4,0,6,0,3252,3605,6857
463,1,464,08/04/2012,20.5,15.583932,0.492425,27.5833,2,1,4,0,0,0,2230,2939,5169
464,1,465,09/04/2012,20.055847,23.999132,0.476638,31.75,2,1,4,0,1,1,905,4680,5585
465,1,466,10/04/2012,18.313347,16.708125,0.436233,43.5,2,1,4,0,2,1,819,5099,5918
466,1,467,11/04/2012,14.296535999999998,19.783358,0.33727399999999996,46.9565,2,1,4,0,3,1,482,4380,4862
467,1,468,12/04/2012,16.2975,19.458743,0.387604,46.625,2,1,4,0,4,1,663,4746,5409
468,1,469,13/04/2012,18.1425,10.416557000000001,0.43180799999999997,40.8333,2,1,4,0,5,1,1252,5146,6398
469,1,470,14/04/2012,20.295,12.791439,0.487996,50.2917,2,1,4,0,6,0,2795,4665,7460
470,1,471,15/04/2012,24.873347,15.083642999999999,0.573875,50.7917,2,1,4,0,0,0,2846,4286,7132
471,1,472,16/04/2012,27.230846999999997,19.083543,0.614925,56.1667,2,1,4,1,1,0,1198,5172,6370
472,1,473,17/04/2012,24.941653,18.333143,0.598487,39.0417,2,1,4,0,2,1,989,5702,6691
473,2,474,18/04/2012,18.996653,11.250103999999999,0.457038,56.9167,2,1,4,0,3,1,347,4020,4367
474,1,475,19/04/2012,20.431653,4.4172564,0.493046,61.25,2,1,4,0,4,1,846,5719,6565
475,1,476,20/04/2012,21.593347,10.041357000000001,0.515775,69.4583,2,1,4,0,5,1,1340,5950,7290
476,1,477,21/04/2012,23.37,19.000329,0.542921,68.2917,2,1,4,0,6,0,2541,4083,6624
477,3,478,22/04/2012,16.263347,23.084582,0.389504,83.5417,2,1,4,0,0,0,120,907,1027
478,2,479,23/04/2012,13.188347,20.334232,0.301125,76.6667,2,1,4,0,1,1,195,3019,3214
479,1,480,24/04/2012,16.946653,16.708661,0.405283,45.4167,2,1,4,0,2,1,518,5115,5633
480,1,481,25/04/2012,19.543347,7.959064,0.470317,42.7917,2,1,4,0,3,1,655,5541,6196
481,2,482,26/04/2012,20.431653,11.833875,0.483583,75.6667,2,1,4,0,4,1,475,4551,5026
482,1,483,27/04/2012,18.7575,23.291411,0.452637,40.0833,2,1,4,0,5,1,1014,5219,6233
483,2,484,28/04/2012,15.443347,8.708325,0.377504,48.9583,2,1,4,0,6,0,1120,3100,4220
484,1,485,29/04/2012,18.791653,7.832836,0.450121,58.7083,2,1,4,0,0,0,2229,4075,6304
485,2,486,30/04/2012,19.030847,11.499746,0.457696,57.0,2,1,4,0,1,1,665,4907,5572
486,2,487,01/05/2012,25.146653,10.458432,0.577021,65.9583,2,1,5,0,2,1,653,5087,5740
487,1,488,02/05/2012,23.130847,9.249886,0.537896,79.7083,2,1,5,0,3,1,667,5502,6169
488,2,489,03/05/2012,22.96,8.957632,0.537242,76.8333,2,1,5,0,4,1,764,5657,6421
489,1,490,04/05/2012,25.7275,10.916846000000001,0.590917,73.5417,2,1,5,0,5,1,1069,5227,6296
490,2,491,05/05/2012,25.488347,10.250464,0.584608,75.6667,2,1,5,0,6,0,2496,4387,6883
491,2,492,06/05/2012,23.0625,10.041893,0.546737,74.0,2,1,5,0,0,0,2135,4224,6359
492,2,493,07/05/2012,22.0375,15.458307000000001,0.527142,66.4167,2,1,5,0,1,1,1008,5265,6273
493,2,494,08/05/2012,23.848347,19.833942999999998,0.557471,68.5833,2,1,5,0,2,1,738,4990,5728
494,2,495,09/05/2012,23.575,14.499604000000001,0.553025,74.4167,2,1,5,0,3,1,620,4097,4717
495,1,496,10/05/2012,20.739152999999998,21.042220999999998,0.49178299999999997,55.2083,2,1,5,0,4,1,1026,5546,6572
496,1,497,11/05/2012,21.866653,15.874779,0.520833,36.0417,2,1,5,0,5,1,1319,5711,7030
497,1,498,12/05/2012,23.130847,8.249911,0.544817,48.0417,2,1,5,0,6,0,2622,4807,7429
498,1,499,13/05/2012,25.1125,15.082839000000002,0.585238,57.625,2,1,5,0,0,0,2172,3946,6118
499,2,500,14/05/2012,23.506653,14.250364000000001,0.5499,78.9583,2,1,5,0,1,1,342,2501,2843
500,2,501,15/05/2012,25.078347,9.875264,0.576404,79.4583,2,1,5,0,2,1,625,4490,5115
501,1,502,16/05/2012,26.103347,8.208304,0.595975,69.7917,2,1,5,0,3,1,991,6433,7424
502,1,503,17/05/2012,24.326653,15.374825,0.572613,52.0,2,1,5,0,4,1,1242,6142,7384
503,1,504,18/05/2012,23.130847,9.166739,0.551121,52.3333,2,1,5,0,5,1,1521,6118,7639
504,1,505,19/05/2012,24.6,5.626325,0.566908,45.625,2,1,5,0,6,0,3410,4884,8294
505,1,506,20/05/2012,25.454153,17.042589000000003,0.583967,53.0417,2,1,5,0,0,0,2704,4425,7129
506,2,507,21/05/2012,24.531653,15.624668,0.565667,81.125,2,1,5,0,1,1,630,3729,4359
507,2,508,22/05/2012,25.215,7.917189,0.580825,76.5833,2,1,5,0,2,1,819,5254,6073
508,2,509,23/05/2012,25.488347,6.834,0.584612,77.4583,2,1,5,0,3,1,766,4494,5260
509,1,510,24/05/2012,26.855,11.584032,0.6067,71.6667,2,1,5,0,4,1,1059,5711,6770
510,1,511,25/05/2012,27.88,9.41685,0.627529,74.7083,2,1,5,0,5,1,1417,5317,6734
511,1,512,26/05/2012,28.3925,13.332464000000002,0.642696,73.25,2,1,5,0,6,0,2855,3681,6536
512,1,513,27/05/2012,28.29,14.416457000000001,0.641425,69.7083,2,1,5,0,0,0,3283,3308,6591
513,1,514,28/05/2012,29.2125,13.166907,0.6793,67.625,2,1,5,1,1,0,2557,3486,6043
514,1,515,29/05/2012,29.6225,19.7918,0.672992,68.4583,2,1,5,0,2,1,880,4863,5743
515,2,516,30/05/2012,26.923346999999996,9.000043,0.611129,67.0,2,1,5,0,3,1,745,6110,6855
516,1,517,31/05/2012,27.88,13.083692999999998,0.631329,49.2917,2,1,5,0,4,1,1100,6238,7338
517,2,518,01/06/2012,26.820846999999997,15.916720999999999,0.607962,75.5417,2,1,6,0,5,1,533,3594,4127
518,1,519,02/06/2012,23.916653,12.499654,0.566288,54.9167,2,1,6,0,6,0,2795,5325,8120
519,1,520,03/06/2012,24.7025,12.333829,0.575133,49.3333,2,1,6,0,0,0,2494,5147,7641
520,1,521,04/06/2012,24.4975,19.083810999999997,0.578283,48.7083,2,1,6,0,1,1,1071,5927,6998
521,2,522,05/06/2012,22.174153,14.041525,0.525892,61.3333,2,1,6,0,2,1,968,6033,7001
522,1,523,06/06/2012,22.720847,5.167375,0.542292,61.125,2,1,6,0,3,1,1027,6028,7055
523,1,524,07/06/2012,24.7025,10.54245,0.569442,56.7083,2,1,6,0,4,1,1038,6456,7494
524,1,525,08/06/2012,26.615847,11.750661000000001,0.597862,46.7917,2,1,6,0,5,1,1488,6248,7736
525,1,526,09/06/2012,29.144153000000003,9.667228999999999,0.648367,43.7083,2,1,6,0,6,0,2708,4790,7498
526,1,527,10/06/2012,29.793346999999997,8.959307,0.663517,53.8333,2,1,6,0,0,0,2224,4374,6598
527,2,528,11/06/2012,29.554153000000003,13.916770999999999,0.659721,58.7917,2,1,6,0,1,1,1017,5647,6664
528,2,529,12/06/2012,26.786653,14.374582,0.597875,83.3333,2,1,6,0,2,1,477,4495,4972
529,1,530,13/06/2012,26.889153000000004,22.999693,0.611117,58.2083,2,1,6,0,3,1,1173,6248,7421
530,1,531,14/06/2012,26.581653000000003,17.000110999999997,0.624383,56.9583,2,1,6,0,4,1,1180,6183,7363
531,1,532,15/06/2012,26.205847,11.833339,0.599754,58.9583,2,1,6,0,5,1,1563,6102,7665
532,1,533,16/06/2012,25.898347,11.166689,0.594708,50.4167,2,1,6,0,6,0,2963,4739,7702
533,1,534,17/06/2012,24.2925,9.708568,0.571975,59.875,2,1,6,0,0,0,2634,4344,6978
534,2,535,18/06/2012,23.301652999999998,11.707982000000001,0.544842,77.7917,2,1,6,0,1,1,653,4446,5099
535,1,536,19/06/2012,28.221653000000003,9.917139,0.654692,69.0,2,1,6,0,2,1,968,5857,6825
536,1,537,20/06/2012,32.0825,7.625404,0.720975,59.2083,2,1,6,0,3,1,872,5339,6211
537,1,538,21/06/2012,33.039153000000006,7.958728999999999,0.752542,56.7917,3,1,6,0,4,1,778,5127,5905
538,1,539,22/06/2012,31.8775,12.250414,0.724121,57.375,3,1,6,0,5,1,964,4859,5823
539,1,540,23/06/2012,29.998346999999995,12.041307000000002,0.652792,53.4583,3,1,6,0,6,0,2657,4801,7458
540,1,541,24/06/2012,30.476653000000002,9.750175,0.674254,47.9167,3,1,6,0,0,0,2551,4340,6891
541,1,542,25/06/2012,29.349153,20.125660999999997,0.654042,50.4167,3,1,6,0,1,1,1139,5640,6779
542,1,543,26/06/2012,25.864152999999998,23.292014,0.594704,37.3333,3,1,6,0,2,1,1077,6365,7442
543,1,544,27/06/2012,28.5975,18.208925,0.640792,36.0,3,1,6,0,3,1,1077,6258,7335
544,1,545,28/06/2012,30.715846999999997,11.50055,0.675512,42.25,3,1,6,0,4,1,921,5958,6879
545,1,546,29/06/2012,34.200846999999996,11.082939,0.786613,48.875,3,1,6,0,5,1,829,4634,5463
546,1,547,30/06/2012,31.365,10.791757,0.687508,60.125,3,1,6,0,6,0,1455,4232,5687
547,1,548,01/07/2012,33.449153,11.291443,0.750629,51.875,3,1,7,0,0,0,1421,4110,5531
548,1,549,02/07/2012,32.048347,13.082889,0.702038,44.7083,3,1,7,0,1,1,904,5323,6227
549,1,550,03/07/2012,32.014153,8.457879,0.70265,49.2083,3,1,7,0,2,1,1052,5608,6660
550,1,551,04/07/2012,32.355847,9.04165,0.732337,53.875,3,1,7,1,3,0,2562,4841,7403
551,1,552,05/07/2012,33.9275,12.999943,0.761367,45.7917,3,1,7,0,4,1,1405,4836,6241
552,1,553,06/07/2012,33.961653000000005,9.791514,0.752533,45.0833,3,1,7,0,5,1,1366,4841,6207
553,1,554,07/07/2012,35.328346999999994,10.958117999999999,0.804913,49.2083,3,1,7,0,6,0,1448,3392,4840
554,1,555,08/07/2012,33.7225,8.417143,0.790396,57.375,3,1,7,0,0,0,1203,3469,4672
555,2,556,09/07/2012,29.144153000000003,12.125325,0.654054,68.3333,3,1,7,0,1,1,998,5571,6569
556,2,557,10/07/2012,29.554153000000003,10.166379,0.664796,66.75,3,1,7,0,2,1,954,5336,6290
557,1,558,11/07/2012,29.383346999999997,10.166111,0.650271,63.3333,3,1,7,0,3,1,975,6289,7264
558,1,559,12/07/2012,29.349153,9.833925,0.654683,52.9583,3,1,7,0,4,1,1032,6414,7446
559,2,560,13/07/2012,29.998346999999995,5.41695,0.667933,48.5833,3,1,7,0,5,1,1511,5988,7499
560,2,561,14/07/2012,28.836653000000002,9.626493,0.666042,69.9167,3,1,7,0,6,0,2355,4614,6969
561,1,562,15/07/2012,30.579153,11.166689,0.705196,71.7917,3,1,7,0,0,0,1920,4111,6031
562,1,563,16/07/2012,31.296653000000003,11.000529,0.724125,64.5,3,1,7,0,1,1,1088,5742,6830
563,1,564,17/07/2012,33.551653,7.666742999999999,0.755683,50.5833,3,1,7,0,2,1,921,5865,6786
564,1,565,18/07/2012,32.526653,9.208614,0.745583,57.7083,3,1,7,0,3,1,799,4914,5713
565,1,566,19/07/2012,31.57,11.083743,0.714642,60.0417,3,1,7,0,4,1,888,5703,6591
566,2,567,20/07/2012,27.299153000000004,14.000789000000001,0.613025,84.4167,3,1,7,0,5,1,747,5123,5870
567,3,568,21/07/2012,24.429153,14.2911,0.549912,86.5417,3,1,7,0,6,0,1264,3195,4459
568,2,569,22/07/2012,27.3675,6.2926936,0.623125,76.25,3,1,7,0,0,0,2544,4866,7410
569,1,570,23/07/2012,30.408346999999996,9.291761,0.690017,69.4167,3,1,7,0,1,1,1135,5831,6966
570,1,571,24/07/2012,30.784153000000003,14.167418,0.70645,65.5,3,1,7,0,2,1,1140,6452,7592
571,1,572,25/07/2012,29.690846999999998,11.0416,0.654054,45.0,3,1,7,0,3,1,1383,6790,8173
572,1,573,26/07/2012,31.843346999999998,19.082470999999998,0.739263,59.6667,3,1,7,0,4,1,1036,5825,6861
573,1,574,27/07/2012,32.048347,10.250464,0.734217,59.4583,3,1,7,0,5,1,1259,5645,6904
574,1,575,28/07/2012,30.989153,10.54245,0.697604,61.3333,3,1,7,0,6,0,2234,4451,6685
575,1,576,29/07/2012,29.588347,11.416532,0.667933,62.375,3,1,7,0,0,0,2153,4444,6597
576,1,577,30/07/2012,29.964153000000003,10.292339,0.684987,66.875,3,1,7,0,1,1,1040,6065,7105
577,1,578,31/07/2012,29.246653000000002,11.083475,0.662896,70.4167,3,1,7,0,2,1,968,6248,7216
578,1,579,01/08/2012,29.4175,9.458993,0.667308,67.75,3,1,8,0,3,1,1074,6506,7580
579,1,580,02/08/2012,30.8525,8.666718,0.707088,65.9583,3,1,8,0,4,1,983,6278,7261
580,2,581,03/08/2012,31.399153000000002,14.458064000000002,0.722867,64.25,3,1,8,0,5,1,1328,5847,7175
581,1,582,04/08/2012,32.526653,17.249685999999997,0.751267,61.3333,3,1,8,0,6,0,2345,4479,6824
582,1,583,05/08/2012,31.535846999999997,19.458207,0.731079,65.25,3,1,8,0,0,0,1707,3757,5464
583,2,584,06/08/2012,30.8525,8.666718,0.710246,65.4167,3,1,8,0,1,1,1233,5780,7013
584,2,585,07/08/2012,30.169153,7.832836,0.697621,70.375,3,1,8,0,2,1,1278,5995,7273
585,2,586,08/08/2012,30.75,7.4169,0.707717,67.2917,3,1,8,0,3,1,1263,6271,7534
586,1,587,09/08/2012,30.989153,10.4587,0.699508,62.0417,3,1,8,0,4,1,1196,6090,7286
587,2,588,10/08/2012,29.349153,16.000470999999997,0.667942,71.5833,3,1,8,0,5,1,1065,4721,5786
588,2,589,11/08/2012,28.3925,13.834093,0.638267,73.2917,3,1,8,0,6,0,2247,4052,6299
589,1,590,12/08/2012,28.734153000000003,8.208304,0.644579,53.0417,3,1,8,0,0,0,2182,4362,6544
590,1,591,13/08/2012,29.554153000000003,9.126204,0.662254,54.5417,3,1,8,0,1,1,1207,5676,6883
591,1,592,14/08/2012,29.793346999999997,11.333586,0.676779,68.6667,3,1,8,0,2,1,1128,5656,6784
592,1,593,15/08/2012,28.973346999999997,11.374657000000001,0.654037,61.9583,3,1,8,0,3,1,1198,6149,7347
593,1,594,16/08/2012,29.485846999999996,9.500332,0.654688,51.9167,3,1,8,0,4,1,1338,6267,7605
594,1,595,17/08/2012,29.656653000000002,15.500717999999999,0.2424,57.0833,3,1,8,0,5,1,1483,5665,7148
595,1,596,18/08/2012,27.811653000000003,11.917089,0.618071,60.3333,3,1,8,0,6,0,2827,5038,7865
596,2,597,19/08/2012,26.069153,5.79215,0.603554,71.1667,3,1,8,0,0,0,1208,3341,4549
597,2,598,20/08/2012,26.069153,8.708592999999999,0.595967,73.4167,3,1,8,0,1,1,1026,5504,6530
598,1,599,21/08/2012,26.615847,4.875643599999999,0.601025,67.375,3,1,8,0,2,1,1081,5925,7006
599,1,600,22/08/2012,27.3675,4.708981099999999,0.621854,67.7083,3,1,8,0,3,1,1094,6281,7375
600,1,601,23/08/2012,28.529153000000004,5.667918599999999,0.637008,63.5833,3,1,8,0,4,1,1363,6402,7765
601,2,602,24/08/2012,28.8025,4.833768599999999,0.6471,61.5,3,1,8,0,5,1,1325,6257,7582
602,2,603,25/08/2012,27.128346999999998,16.375335999999997,0.618696,71.2917,3,1,8,0,6,0,1829,4224,6053
603,2,604,26/08/2012,26.786653,15.333485999999999,0.595996,84.5833,3,1,8,0,0,0,1483,3772,5255
604,1,605,27/08/2012,28.836653000000002,8.625111,0.654688,73.0417,3,1,8,0,1,1,989,5928,6917
605,1,606,28/08/2012,29.861653000000004,12.791975,0.66605,62.0,3,1,8,0,2,1,935,6105,7040
606,1,607,29/08/2012,28.085,7.541653999999999,0.635733,55.2083,3,1,8,0,3,1,1177,6520,7697
607,1,608,30/08/2012,28.973346999999997,5.166818900000001,0.652779,59.0417,3,1,8,0,4,1,1172,6541,7713
608,1,609,31/08/2012,31.330847,11.291711,0.6894,58.75,3,1,8,0,5,1,1433,5917,7350
609,2,610,01/09/2012,30.886653000000003,7.5835289999999995,0.702654,63.8333,3,1,9,0,6,0,2352,3788,6140
610,2,611,02/09/2012,28.563346999999997,4.2927436,0.649,81.5,3,1,9,0,0,0,2613,3197,5810
611,1,612,03/09/2012,29.0075,10.125107,0.661629,79.0833,3,1,9,1,1,0,1965,4069,6034
612,1,613,04/09/2012,29.759153,15.833507,0.686888,75.5,3,1,9,0,2,1,867,5997,6864
613,1,614,05/09/2012,30.203346999999997,12.583136,0.708983,74.125,3,1,9,0,3,1,832,6280,7112
614,2,615,06/09/2012,28.563346999999997,9.542207000000001,0.655329,81.0417,3,1,9,0,4,1,611,5592,6203
615,1,616,07/09/2012,28.836653000000002,11.500282,0.657204,73.625,3,1,9,0,5,1,1045,6459,7504
616,2,617,08/09/2012,27.025847,18.833968,0.611121,79.9167,3,1,9,0,6,0,1557,4419,5976
617,1,618,09/09/2012,25.01,15.041232,0.578925,54.75,3,1,9,0,0,0,2570,5657,8227
618,1,619,10/09/2012,23.916653,17.333771,0.565654,50.375,3,1,9,0,1,1,1118,6407,7525
619,1,620,11/09/2012,23.6775,6.1676314,0.554292,52.0,3,1,9,0,2,1,1070,6697,7767
620,1,621,12/09/2012,24.565847,8.833682000000001,0.570075,57.7083,3,1,9,0,3,1,1050,6820,7870
621,1,622,13/09/2012,25.1125,5.5422936,0.579558,63.7083,3,1,9,0,4,1,1054,6750,7804
622,1,623,14/09/2012,25.966653,6.958821,0.594083,67.25,3,1,9,0,5,1,1379,6630,8009
623,1,624,15/09/2012,24.941653,16.583907,0.585867,50.1667,3,1,9,0,6,0,3160,5554,8714
624,1,625,16/09/2012,23.78,6.042281099999999,0.563125,57.0,3,1,9,0,0,0,2166,5167,7333
625,2,626,17/09/2012,23.814153,10.166714,0.55305,73.4583,3,1,9,0,1,1,1022,5847,6869
626,2,627,18/09/2012,25.556653,23.958329,0.565067,87.25,3,1,9,0,2,1,371,3702,4073
627,1,628,19/09/2012,22.6525,14.416725,0.540404,53.6667,3,1,9,0,3,1,788,6803,7591
628,1,629,20/09/2012,22.413347,7.917189,0.532192,61.8333,3,1,9,0,4,1,939,6781,7720
629,1,630,21/09/2012,24.565847,10.333343,0.571971,66.875,3,1,9,0,5,1,1250,6917,8167
630,1,631,22/09/2012,26.65,19.000061,0.610488,64.6667,3,1,9,0,6,0,2512,5883,8395
631,1,632,23/09/2012,21.695847,14.958286,0.518933,46.7083,4,1,9,0,0,0,2454,5453,7907
632,1,633,24/09/2012,21.080847,9.541068,0.502513,49.2917,4,1,9,0,1,1,1001,6435,7436
633,1,634,25/09/2012,22.55,15.833507,0.544179,57.0,4,1,9,0,2,1,845,6693,7538
634,1,635,26/09/2012,26.035,16.3748,0.5966130000000001,63.0833,4,1,9,0,3,1,787,6946,7733
635,2,636,27/09/2012,26.65,9.000914,0.607975,69.0833,4,1,9,0,4,1,751,6642,7393
636,2,637,28/09/2012,25.385847000000002,10.999993,0.585863,69.0,4,1,9,0,5,1,1045,6370,7415
637,1,638,29/09/2012,22.2425,15.249467999999998,0.530296,54.2917,4,1,9,0,6,0,2589,5966,8555
638,1,639,30/09/2012,21.593347,9.042186000000001,0.517663,58.3333,4,1,9,0,0,0,2015,4874,6889
639,2,640,01/10/2012,21.354153,6.083881400000001,0.512,64.9167,4,1,10,0,1,1,763,6015,6778
640,3,641,02/10/2012,24.224153,6.999825,0.542333,87.1667,4,1,10,0,2,1,315,4324,4639
641,2,642,03/10/2012,26.9575,4.4585685999999995,0.599133,79.375,4,1,10,0,3,1,728,6844,7572
642,2,643,04/10/2012,26.9575,7.8755820000000005,0.607975,72.2917,4,1,10,0,4,1,891,6437,7328
643,1,644,05/10/2012,25.215,7.12545,0.580187,62.75,4,1,10,0,5,1,1516,6640,8156
644,1,645,06/10/2012,22.720847,17.957675,0.538521,66.4167,4,1,10,0,6,0,3031,4934,7965
645,2,646,07/10/2012,17.049153,9.457854,0.419813,70.8333,4,1,10,0,0,0,781,2729,3510
646,2,647,08/10/2012,15.716652999999999,12.708492999999999,0.387608,70.9583,4,1,10,1,1,0,874,4604,5478
647,2,648,09/10/2012,18.313347,12.7501,0.438112,76.1667,4,1,10,0,2,1,601,5791,6392
648,1,649,10/10/2012,21.080847,12.584007000000001,0.503142,63.0833,4,1,10,0,3,1,780,6911,7691
649,1,650,11/10/2012,17.835,12.166932000000001,0.431167,46.3333,4,1,10,0,4,1,834,6736,7570
650,1,651,12/10/2012,17.9375,15.751164000000001,0.433071,53.9167,4,1,10,0,5,1,1060,6222,7282
651,1,652,13/10/2012,16.126653,9.791514,0.391396,49.4583,4,1,10,0,6,0,2252,4857,7109
652,1,653,14/10/2012,21.388347,18.667004000000002,0.508204,64.0417,4,1,10,0,0,0,2080,4559,6639
653,2,654,15/10/2012,23.028347,19.834479,0.53915,70.75,4,1,10,0,1,1,760,5115,5875
654,1,655,16/10/2012,19.201653,12.208807,0.460846,55.8333,4,1,10,0,2,1,922,6612,7534
655,1,656,17/10/2012,18.689153,6.791857,0.450108,69.2917,4,1,10,0,3,1,979,6482,7461
656,2,657,18/10/2012,21.4225,15.874779,0.512625,72.8333,4,1,10,0,4,1,1008,6501,7509
657,2,658,19/10/2012,23.096653,9.041917999999999,0.537896,81.5,4,1,10,0,5,1,753,4671,5424
658,1,659,20/10/2012,19.850847,7.874979,0.472842,57.2917,4,1,10,0,6,0,2806,5284,8090
659,1,660,21/10/2012,19.030847,11.125618,0.456429,51.0,4,1,10,0,0,0,2132,4692,6824
660,1,661,22/10/2012,19.9875,5.459381099999999,0.482942,56.8333,4,1,10,0,1,1,830,6228,7058
661,1,662,23/10/2012,22.310847,6.334568599999999,0.530304,64.1667,4,1,10,0,2,1,841,6625,7466
662,1,663,24/10/2012,24.0875,4.876206400000001,0.558721,63.625,4,1,10,0,3,1,795,6898,7693
663,2,664,25/10/2012,22.55,8.333125,0.529688,80.0417,4,1,10,0,4,1,875,6484,7359
664,2,665,26/10/2012,22.379153,8.875289,0.52275,80.7083,4,1,10,0,5,1,1182,6262,7444
665,2,666,27/10/2012,21.73,15.791364000000002,0.515133,72.0,4,1,10,0,6,0,2643,5209,7852
666,2,667,28/10/2012,19.5775,26.666535999999997,0.467771,69.4583,4,1,10,0,0,0,998,3461,4459
667,3,668,29/10/2012,18.04,23.9994,0.4394,88.0,4,1,10,0,1,1,2,20,22
668,2,669,30/10/2012,13.045461999999999,14.271603,0.309909,82.5455,4,1,10,0,2,1,87,1009,1096
669,2,670,31/10/2012,14.6575,11.166689,0.3611,66.6667,4,1,10,0,3,1,419,5147,5566
670,2,671,01/11/2012,14.999153,10.542182,0.369942,58.1667,4,1,11,0,4,1,466,5520,5986
671,1,672,02/11/2012,14.555,17.833725,0.356042,52.2083,4,1,11,0,5,1,618,5229,5847
672,2,673,03/11/2012,14.076653,18.125443,0.323846,49.125,4,1,11,0,6,0,1029,4109,5138
673,1,674,04/11/2012,13.359153,12.000236,0.329538,53.2917,4,1,11,0,0,0,1201,3906,5107
674,1,675,05/11/2012,13.085847,15.833775,0.308075,49.4167,4,1,11,0,1,1,378,4881,5259
675,1,676,06/11/2012,11.514153,11.625371000000001,0.281567,56.7083,4,1,11,0,2,1,466,5220,5686
676,2,677,07/11/2012,12.129153,20.375235999999997,0.274621,54.75,4,1,11,0,3,1,326,4709,5035
677,1,678,08/11/2012,14.439134,23.304945,0.341891,33.3478,4,1,11,0,4,1,340,4975,5315
678,1,679,09/11/2012,14.828347,14.375385999999999,0.35541300000000003,54.0833,4,1,11,0,5,1,709,5283,5992
679,1,680,10/11/2012,15.955847,3.8756686,0.393937,64.5417,4,1,11,0,6,0,2090,4446,6536
680,1,681,11/11/2012,17.254153,8.5425,0.421713,65.9167,4,1,11,0,0,0,2290,4562,6852
681,1,682,12/11/2012,19.885,11.625639,0.475383,74.1667,4,1,11,1,1,0,1097,5172,6269
682,2,683,13/11/2012,14.076653,22.917082,0.323225,66.2917,4,1,11,0,2,1,327,3767,4094
683,1,684,14/11/2012,11.855847,13.374875,0.281563,55.2083,4,1,11,0,3,1,373,5122,5495
684,2,685,15/11/2012,13.188347,10.250129,0.324492,62.0417,4,1,11,0,4,1,320,5125,5445
685,1,686,16/11/2012,14.145,11.458675,0.347204,52.4583,4,1,11,0,5,1,484,5214,5698
686,1,687,17/11/2012,13.325,12.041843,0.326383,54.5417,4,1,11,0,6,0,1313,4316,5629
687,1,688,18/11/2012,14.0425,15.250004,0.337746,69.2917,4,1,11,0,0,0,922,3747,4669
688,2,689,19/11/2012,15.614153,15.749489,0.375621,62.3333,4,1,11,0,1,1,449,5050,5499
689,2,690,20/11/2012,15.340847,5.542575,0.38066700000000003,68.5,4,1,11,0,2,1,534,5100,5634
690,1,691,21/11/2012,14.486653,6.917482000000001,0.364892,61.375,4,1,11,0,3,1,615,4531,5146
691,1,692,22/11/2012,13.94,3.5423436,0.350371,58.0417,4,1,11,1,4,0,955,1470,2425
692,1,693,23/11/2012,15.101653,9.917407,0.378779,56.875,4,1,11,0,5,1,1603,2307,3910
693,1,694,24/11/2012,11.411653,25.250357,0.24874200000000002,40.4583,4,1,11,0,6,0,532,1745,2277
694,1,695,25/11/2012,10.079153,10.0835,0.257583,46.8333,4,1,11,0,0,0,309,2115,2424
695,1,696,26/11/2012,12.846653,3.12555,0.33900399999999997,53.5417,4,1,11,0,1,1,337,4750,5087
696,2,697,27/11/2012,11.958347,15.916654000000001,0.281558,78.6667,4,1,11,0,2,1,123,3836,3959
697,1,698,28/11/2012,12.163347,14.125007,0.28976199999999996,50.625,4,1,11,0,3,1,198,5062,5260
698,1,699,29/11/2012,11.51567,7.739974,0.29842199999999997,55.5652,4,1,11,0,4,1,243,5080,5323
699,1,700,30/11/2012,12.231653,3.9175436,0.323867,64.9583,4,1,11,0,5,1,362,5306,5668
700,2,701,01/12/2012,12.231653,4.0001814,0.316904,80.6667,4,1,12,0,6,0,951,4240,5191
701,2,702,02/12/2012,14.2475,8.333393,0.35920799999999997,82.3333,4,1,12,0,0,0,892,3757,4649
702,1,703,03/12/2012,18.5525,5.5422936,0.455796,76.75,4,1,12,0,1,1,555,5679,6234
703,1,704,04/12/2012,19.509153,11.666642999999999,0.46905399999999997,73.375,4,1,12,0,2,1,551,6055,6606
704,1,705,05/12/2012,17.971653,21.709407000000002,0.428012,48.5,4,1,12,0,3,1,331,5398,5729
705,1,706,06/12/2012,10.489153,11.708518,0.258204,50.875,4,1,12,0,4,1,340,5035,5375
706,2,707,07/12/2012,13.154152999999999,8.7502,0.32195799999999997,76.4167,4,1,12,0,5,1,349,4659,5008
707,2,708,08/12/2012,15.648347,6.792393,0.38950799999999997,91.125,4,1,12,0,6,0,1153,4429,5582
708,2,709,09/12/2012,15.750847,10.584325,0.390146,90.5417,4,1,12,0,0,0,441,2787,3228
709,2,710,10/12/2012,17.869153,12.750636,0.435575,92.5,4,1,12,0,1,1,329,4841,5170
710,2,711,11/12/2012,14.486653,19.834479,0.338363,59.6667,4,1,12,0,2,1,282,5219,5501
711,2,712,12/12/2012,12.1975,10.916779,0.297338,53.8333,4,1,12,0,3,1,310,5009,5319
712,1,713,13/12/2012,12.129153,11.666642999999999,0.294188,48.5833,4,1,12,0,4,1,425,5107,5532
713,1,714,14/12/2012,11.548347,8.792342999999999,0.294192,64.2917,4,1,12,0,5,1,429,5182,5611
714,1,715,15/12/2012,13.290847,7.12545,0.338383,65.0417,4,1,12,0,6,0,767,4280,5047
715,2,716,16/12/2012,14.8625,6.749714,0.369938,83.875,4,1,12,0,0,0,538,3248,3786
716,2,717,17/12/2012,16.126653,6.5833061,0.4015,90.7083,4,1,12,0,1,1,212,4373,4585
717,1,718,18/12/2012,16.844153,14.834067999999998,0.409708,66.625,4,1,12,0,2,1,433,5124,5557
718,1,719,19/12/2012,13.6325,12.334164,0.34216199999999997,62.5417,4,1,12,0,3,1,333,4934,5267
719,2,720,20/12/2012,13.53,8.875021,0.335217,66.7917,4,1,12,0,4,1,314,3814,4128
720,2,721,21/12/2012,13.393347,25.083661,0.301767,55.6667,1,1,12,0,5,1,221,3402,3623
721,1,722,22/12/2012,10.899153,27.292182,0.23611300000000002,44.125,1,1,12,0,6,0,205,1544,1749
722,1,723,23/12/2012,10.079153,8.916561,0.259471,51.5417,1,1,12,0,0,0,408,1379,1787
723,2,724,24/12/2012,9.483464,5.1744368,0.2589,79.1304,1,1,12,0,1,1,174,746,920
724,2,725,25/12/2012,11.943464,11.304642,0.29446500000000003,73.4783,1,1,12,1,2,0,440,573,1013
725,3,726,26/12/2012,9.976653,21.208582,0.220333,82.3333,1,1,12,0,3,1,9,432,441
726,2,727,27/12/2012,10.420847,23.458910999999997,0.226642,65.2917,1,1,12,0,4,1,247,1867,2114
727,2,728,28/12/2012,10.386652999999999,10.416557000000001,0.255046,59.0,1,1,12,0,5,1,644,2451,3095
728,2,729,29/12/2012,10.386652999999999,8.333661,0.2424,75.2917,1,1,12,0,6,0,159,1182,1341
729,1,730,30/12/2012,10.489153,23.500518,0.2317,48.3333,1,1,12,0,0,0,364,1432,1796
730,2,731,31/12/2012,8.849153,10.374682,0.223487,57.75,1,1,12,0,1,1,439,2290,2729
